Person#0,123
Person#1,246
Person#2,369
Person#3,492
Person#4,615
Person#5,738
Person#6,861
Person#7,984
Person#8,1107
Person#9,1230
Person#10,1353
Person#11,1476
Person#12,1599
Person#13,1722
Person#14,1845
Person#15,1968
Person#16,2091
Person#17,2214
Person#18,2337
Person#19,2460
Person#20,2583
Person#21,2706
Person#22,2829
Person#23,2952
Person#24,3075
Person#25,3198
Person#26,3321
Person#27,3444
Person#28,3567
Person#29,3690
Person#30,3813
Person#31,3936
Person#32,4059
Person#33,4182
Person#34,4305
Person#35,4428
Person#36,4551
Person#37,4674
Person#38,4797
Person#39,4920
Person#40,5043
Person#41,5166
Person#42,5289
Person#43,5412
Person#44,5535
Person#45,5658
Person#46,5781
Person#47,5904
Person#48,6027
Person#49,6150
